,User,Tweet,Time
0,6ZK8agustd,@always_withking å…ˆç¨‹ã”æŒ‡å®šã®å£åº§ã«å…¥é‡‘ã„ãŸã—ã¾ã—ãŸã€‚2022å¹´ã®3æœˆ9æ—¥ã¯ä¸€ç”Ÿå¿˜ã‚Œã‚‹ã“ã¨ã®ã§ããªã„æ—¥ã«ãªã‚Šã¾ã™ã€‚ã‚ˆã‚ã—ããŠé¡˜ã„ç”³ã—ä¸Šã’ã¾ã™ã€‚,2022-02-28 11:04:16+00:00
1,Fakenewsdeouar1,"RT @pierrecappelli: Guerre en #UkraineÂ : les bombardements russes sâ€™accompagnent de nombreuses #cyberattaques ğŸ•³ï¸

#cybersecurite #informatiâ€¦",2022-02-28 11:04:16+00:00
2,7PcTX3XoVqGJfxg,"RT @jumpshoptokyo: ã‚­ãƒ£ãƒ³ãƒšãƒ¼ãƒ³ç· åˆ‡ã¯æœ¬æ—¥ã¾ã§ï¼

ãŠè¦‹é€ƒã—ãªãï¼ï¼ï¼",2022-02-28 11:04:16+00:00
3,EgsiGF80J7jxOlf,RT @sasamako1: åªä»Š å¤§é˜ªã®è‡ªå®…ã«å¸°ã£ã¦ãã¾ã—ãŸã€‚ã“ã‚Œã§ç§ã®ä¸­ã§ã¯ã€ASCA LIVE TOUR 2022 å›ã®è¡—ã¸ ãƒ„ã‚¢ãƒ¼  SENDAI CLUB JUNK BOX çµ‚æ¼”ã¨ãªã‚Šã¾ã™ã€‚ãŠç–²ã‚Œæ§˜ã§ã—ãŸğŸ™ #å›è¡—ãƒ„ã‚¢ãƒ¼2022,2022-02-28 11:04:16+00:00
4,Fatemeho_oArmy,"24
I vote for #Butter for #BestMusicVideo at the 2022 #iHeartAwards @BTS_twt",2022-02-28 11:04:16+00:00
5,BenjalfD,"RT @FiscaliaCDMX: Se activa #AlertaAmber para localizar a una menor de 15 aÃ±os de edad, de nombre Dalia Dalila Saquedo Soriano, fue vista pâ€¦",2022-02-28 11:04:16+00:00
6,Tradaxx,"RT @idrissaberkane: Pfizer va financer un pÃ´le de formation au fact-checking avec Facebook. 

Logique. 

https://t.co/qNXBOjWGvo",2022-02-28 11:04:16+00:00
7,Solution008,"RT @Bull100X: Bull100X token info:

Contract address: 0x72aDD749DdCFE9b749f50CBFf76B59A2e6c80Af5
Name: BULL Token
Symbol: BULL
Decimals: 18â€¦",2022-02-28 11:04:16+00:00
8,tabitokanaru,"RT @P25th_fes: ã€æƒ…å ±è§£ç¦ã€‘
ã€ãƒšãƒ«ã‚½ãƒŠã€ã‚·ãƒªãƒ¼ã‚º25å‘¨å¹´ã‚’è¨˜å¿µã™ã‚‹ä¸€å¤§ã‚¤ãƒ™ãƒ³ãƒˆã€ãƒšãƒ«ã‚½ãƒŠ25thãƒ•ã‚§ã‚¹ã€ãŒ2022å¹´5æœˆ28æ—¥(åœŸ)ã‚ˆã‚Šé–‹å‚¬æ±ºå®šï¼å±•è¦§ä¼šã€ã‚°ãƒƒã‚ºè²©å£²ã€ãƒ›ãƒ†ãƒ«ã®ã‚³ãƒ©ãƒœãƒ«ãƒ¼ãƒ å±•é–‹ãªã©æ§˜ã€…ãªå´é¢ã‹ã‚‰ã€ãƒšãƒ«ã‚½ãƒŠã€ã‚·ãƒªãƒ¼ã‚ºã®é­…åŠ›ã‚’æ·±å €ã‚Šã—ã¦ã„ãã¾ã™ã€‚

#â€¦",2022-02-28 11:04:16+00:00
9,lanevoghini,"RT @YouTV0201: #ãƒ‘ã‚¸ã‚§ãƒ­Twitterãªã‚‰ã¹2022å†¬

ã“ã‚“ãªæ„Ÿã˜ã§ğŸ˜Š https://t.co/a2JgJjrMju",2022-02-28 11:04:16+00:00
10,MailAayo,à¤à¤®à¤¸à¤¿à¤¸à¥€à¤®à¤¾ à¤¬à¤¨à¤¾à¤à¤•à¤¾à¥‡ à¤®à¤¾à¥‡à¤¡à¥‡à¤²à¤²à¥‡ à¤…à¤¨à¥à¤¯ à¤ªà¤°à¤¿à¤¯à¤¾à¥‡à¤œà¤¨à¤¾à¤²à¤¾à¤ˆ à¤ªà¤¨à¤¿ à¤¸à¤¹à¤¯à¥‹à¤— à¤ªà¥à¤—à¥à¤›à¤ƒ à¤•à¤¾à¤°à¥à¤¯à¤•à¤¾à¤°à¥€ à¤¨à¤¿à¤°à¥à¤¦à¥‡à¤¶à¤• à¤µà¤¿à¤·à¥à¤Ÿ https://t.co/TUvVIKr2On,2022-02-28 11:04:16+00:00
11,KristinaBazan19,"You could well call it the information on the ages. Nobody can guarantee distinction and fortune from captivating #coin gathering, yet some have lived it up! Regardless, one thing is without a doubt: Following the tips introduced here will broaden your...
https://t.co/Np34xEOiv1 https://t.co/BHi28WoZRd",2022-02-28 11:04:16+00:00
12,niamh10122,"RT @BFreeTheatre: Moscow underground. Sometimes the act of resistance doesnâ€™t have to be loud or bold, it just has to be. #Ukraine #SlavaUkâ€¦",2022-02-28 11:04:16+00:00
13,shukatsudondon,"RT @OKB1917: ãªã‚“ã¨ã‚‚æ°—ãŒé‡ã„ã“ã¨ã§ã™ãŒä»Šé€±ã®ãƒ¡ãƒ«ãƒã‚¬ã§ã™ã€‚

ç¬¬166å·ï¼ˆ2022å¹´2æœˆ28æ—¥ï¼‰ã€€ã¤ã„ã«å§‹ã¾ã£ã¦ã—ã¾ã£ãŸã‚¦ã‚¯ãƒ©ã‚¤ãƒŠä¾µæ”»ï½œãƒ¦ãƒ¼ãƒªã‚£ãƒ»ã‚¤ã‚ºãƒ ã‚£ã‚³ @OKB1917 #note https://t.co/dFteoSYfC5",2022-02-28 11:04:16+00:00
14,sunfloryou,"RT @127bbl: [220228] ğŸ¯

""In 2022 too, (let's be) together with NCT â˜ºï¸""

""Pft""",2022-02-28 11:04:16+00:00
15,oicicle_00,å¤§é˜ªã‚‚åå¤å±‹ã‚‚æ¥ãªã„ã‹ã‚‰ã“ã‚Œã¯é£›ã¹ã£ã¦ã“ã¨ã ,2022-02-28 11:04:16+00:00
16,rumuuzyok,"RT @IPCC_CH: PRESS RELEASE | 28 Feb 2022

#Climatechange: a threat to human wellbeing and health of the planet. 

Taking action now can secâ€¦",2022-02-28 11:04:16+00:00
17,2Ani68,RT @nhk_news: ã€é€Ÿå ± JUST IN ã€‘ãƒˆãƒ¨ã‚¿ ã‚ã™å›½å†…å…¨å·¥å ´ã®ç¨¼åƒåœæ­¢ã¸ å–å¼•å…ˆã¸ã®ã‚µã‚¤ãƒãƒ¼æ”»æ’ƒã§ #nhk_news https://t.co/RBT3Vt4sFS,2022-02-28 11:04:16+00:00
18,KiraKatarn,Danke an @Afelia fÃ¼r dieses Statement. Es hat mir dabei geholfen Putin auch meine Angst nicht mehr zu geben. #Ukraine #UkraineRussiaWar,2022-02-28 11:04:16+00:00
19,senri_kagepuro2,"RT @toman8008_cham: æ±äº¬ãƒªãƒ™ãƒ³ã‚¸ãƒ£ãƒ¼ã‚º in JOYPOLIS

ã€Œ#æ±ãƒªãƒ™ã€âœ–ã€Œ#ã‚¸ãƒ§ã‚¤ãƒãƒªã‚¹ã€
åˆã®ã‚³ãƒ©ãƒœã‚¤ãƒ™ãƒ³ãƒˆé–‹å‚¬æ±ºå®š

ãƒ¡ãƒ³ãƒ†ãƒŠãƒ³ã‚¹ã‚³ã‚¹ãƒãƒ¥ãƒ¼ãƒ ã‚’ç€ãŸ
ã‚¤ãƒ™ãƒ³ãƒˆãƒ¡ã‚¤ãƒ³ãƒ“ã‚¸ãƒ¥ã‚¢ãƒ«ãŒå…¬é–‹ï¼

é–‹å‚¬æœŸé–“:2022å¹´4æœˆ5æ—¥(ç«)~7æœˆ3æ—¥(æ—¥)

â–¼
hâ€¦",2022-02-28 11:04:16+00:00
20,thvrene,"RT @likechizu: BTS PTD ON STAGE in Seoul Live Viewing (Indonesia)

Ticketing pada 1 Maret 2022
Bandung: 16.00 WIB
Surabaya: 18.00 WIB
Jakarâ€¦",2022-02-28 11:04:16+00:00
21,zenizeniforever,"RT @Ton_beri: ã€Œé«˜åº¦ãªæ­¦å™¨ã¯ãã†ãã†æ°‘å…µã«ã¯ä½¿ã„ã“ãªã›ãªã„ã ã‚ã†ã€

ã£ã¦æ€ã£ã¦ãŸã€‚

ã€ŒYoutubeã¨ãƒ„ã‚¤ãƒƒã‚¿ãƒ¼ã§ä½¿ç”¨æ³•ã®å‹•ç”»ã‚’æµã™ã€

ã¨ã‹ã€å®Œå…¨ã«äºˆæƒ³å¤–ã§ã™ã‚ˆï¼ï¼ï¼ï¼ï¼ï¼",2022-02-28 11:04:16+00:00
22,pathofhimalaya,"RT @DarioForGuo: 27.02.2022 #éƒ­æ–‡è´µ #å¤§ç›´æ’­ #MilesGuo #MilesGuoLive 
æˆ‘ä»¬æ¯ä¸ªäººéƒ½è¢«æ´—è„‘çš„ï¼Œåªæ˜¯æˆ‘ä»¬é†’çš„æ¯”è¾ƒæ—©ã€‚
ä¸è¦å¤ªæ‹…å¿ƒå°ç²‰çº¢ï¼Œä»–ä»¬70å¹´éƒ½æ²¡æœ‰é†’æ¥ï¼Œåˆ«æŒ‡æœ›çŸ­æœŸå†…ä¼šçªç„¶è§‰é†’ã€‚
æœ‰æ—¶å€™ï¼Œå¯¹äºé¡½å›ºä¸åŒ–ï¼Œå½»åº•æ´—è„‘çš„å°ç²‰çº¢ä»¬ï¼Œâ€¦",2022-02-28 11:04:16+00:00
23,JeankookR,RT @allkpop: #Weeekly's #Jiyoon to be absent from 'Play Game: AWAKE' comeback promotions due to anxiety https://t.co/GJ8zjSeDeQ https://t.câ€¦,2022-02-28 11:04:16+00:00
24,LBRUT,RT @RCVS_Richmond: We are looking for a new Projects Officer to join our small but mighty team! Find out more here and apply by 15 March 20â€¦,2022-02-28 11:04:16+00:00
25,sxleeknow,"RT @Stray_Kids: Stray Kids(ìŠ¤íŠ¸ë ˆì´ í‚¤ì¦ˆ) ""ODDINARY"" Main Trailer

2022.03.18 FRI 1PM (KST) | 0AM (EST)

https://t.co/jcpgFWXxg5

#StrayKids #ìŠ¤íŠ¸ë ˆâ€¦",2022-02-28 11:04:16+00:00
26,EdwardMakYugann,"RT @EvgenyFeldman: ĞºĞ°Ğ½Ñ†Ğ»ĞµÑ€ Ğ“ĞµÑ€Ğ¼Ğ°Ğ½Ğ¸Ğ¸ Ğ²Ñ‹ÑÑ‚ÑƒĞ¿Ğ¸Ğ», ĞºĞ°Ğ¶ĞµÑ‚ÑÑ, Ñ Ğ¾Ñ‡ĞµĞ½ÑŒ Ğ²Ğ°Ğ¶Ğ½Ğ¾Ğ¹, Ğ¸ÑÑ‚Ğ¾Ñ€Ğ¸Ñ‡ĞµÑĞºĞ¾Ğ¹, Ñ€ĞµÑ‡ÑŒÑ https://t.co/wVlEZSaEwC https://t.co/jNYDVZMOCC",2022-02-28 11:04:16+00:00
27,0qEt8EfFUAdSrNr,"RT @KingandPrince33: King &amp; Prince First DOME TOUR 2022 ï½Mr.ï½
ã‚ªãƒ•ã‚£ã‚·ãƒ£ãƒ«ã‚°ãƒƒã‚ºã‚ªãƒ³ãƒ©ã‚¤ãƒ³è²©å£²æ±ºå®šï¼
ğŸ”—https://t.co/tYviN9Di7h

è²©å£²æœŸé–“ : 3/2(æ°´)ã€œ5/31(ç«)23:00ã¾ã§

#â€¦",2022-02-28 11:04:16+00:00
28,odenkanP082,"RT @Natsukawa_Staff: #ãƒ’ãƒ¨ã‚³ç¾¤é›†åˆğŸ¤ğŸ’¨

#å¤å·æ¤èœ 2nd Live Tour 2022 MAKEOVER ãƒ—ãƒ¬ãƒªã‚¯ã‚¨ã‚¹ãƒˆå…ˆè¡Œã¯ã€æœ¬æ—¥ 23:59ã€‘ã¾ã§å—ä»˜ä¸­ğŸ«
ãŠç”³è¾¼å¿˜ã‚ŒãŒãªã„ã‚ˆã†ã”æ³¨æ„ä¸‹ã•ã„ã­âš 

å‰å›ã®ãƒ„ã‚¢ãƒ¼ã§æŠ«éœ²ã•ã‚ŒãŸã€Œã‚¢ãƒ³ãƒãƒ†ãƒ¼ã‚¼ã€ã‚’å°‘ã—ã ã‘å…¬â€¦",2022-02-28 11:04:16+00:00
29,YNuzban,RT @guardian: Denounce Putin or lose your job: Russian conductor Valery Gergiev given public ultimatum https://t.co/SA4j6OhDWn,2022-02-28 11:04:16+00:00
30,concisyfestis,"Conciertos de Bunbury en 2022. Una gira que ha pasado a ser de despedida tras anunciar el aragonÃ©s su retirada de los escenarios a su tÃ©rmino 
https://t.co/LmHuEmzlan",2022-02-28 11:04:16+00:00
31,AobaCastle,RT @nhk_news: éƒ½åºèˆ ã‚¦ã‚¯ãƒ©ã‚¤ãƒŠå›½æ——ã®è‰²ã«ãƒ©ã‚¤ãƒˆã‚¢ãƒƒãƒ— éƒ½çŸ¥äº‹â€œé€£æºç¤ºã™â€ #nhk_news https://t.co/VTzP4PUrgh,2022-02-28 11:04:16+00:00
32,KsOllieU,"RT @HughSykes: #Ukraine 
Symbols on #Russia military vehicles: 
V - Marines
Z - Eastern Military District 
Z in a square - Southern Militarâ€¦",2022-02-28 11:04:16+00:00
33,jeong_daddy,"RT @stories_feed: stories #WeeBNK48 #BNK48_stories 

user tag:
 #PancakeBNK48 https://t.co/xLlgUYQSwy

https://t.co/huRXNCaJ8G

Mon Feb 28â€¦",2022-02-28 11:04:16+00:00
34,edacnrr,"RT @TCKievBE: DeÄŸerli vatandaÅŸlarÄ±mÄ±z,

BugÃ¼n (28.02.2022) saat 19.00â€™da Kievâ€™den Romanya sÄ±nÄ±rÄ± yakÄ±nÄ±ndaki Ã‡ernivtsi ÅŸehrine sadece vatanâ€¦",2022-02-28 11:04:16+00:00
35,OOmar4464,"RT @msharyalanzi: Ø¹Ø´Ù†Ø§ Ù…Ø¹Ø§Ù‡Ù… Ø£ÙŠØ§Ù… .. ÙˆÙ„Ù…Ø³Ù†Ø§ Ø­Ø§Ø¬ØªÙ‡Ù… .. ÙˆØ¹Ø±ÙÙ†Ø§ Ù…Ø¹Ø§Ù†Ø§ØªÙ‡Ù… ..
ÙˆØ¬Ø§Ø¡ Ø§Ù„ÙˆÙ‚Øª Ù„Ù†Ø´Ù‡Ø¯ ÙØ±Ø­ØªÙ‡Ù… ..
.. ØªØ®ÙŠÙ„ Ù‡Ø°Ù‡ Ø§Ù„ÙØ±Ø­Ø© ØªØªÙƒØ±Ø± ÙÙŠ 100 Ù‚Ø±ÙŠØ© ..â€¦",2022-02-28 11:04:16+00:00
36,sabamaru0,"RT @AskPS_JP: ã€ã‚¢ãƒ•ã‚¿ãƒ¼ã‚µãƒ¼ãƒ“ã‚¹çµ‚äº†ã®ãŠçŸ¥ã‚‰ã›ã€‘
PlayStationÂ®3ã®CECH-4300ã‚·ãƒªãƒ¼ã‚ºæœ¬ä½“ãŠã‚ˆã³å…¨ã¦ã®PlayStationÂ®3å‘¨è¾ºæ©Ÿå™¨ã«ã¤ãã¾ã—ã¦ã€éƒ¨å“åœ¨åº«ã®æ¯æ¸‡ã«ã‚ˆã‚Š2022å¹´4æœˆ30æ—¥ï¼ˆåœŸï¼‰ã‚’ã‚‚ã£ã¦ã‚¢ãƒ•ã‚¿ãƒ¼ã‚µãƒ¼ãƒ“ã‚¹ã®å—ä»˜ã‚’çµ‚äº†ã„ãŸã—ã¾ã™ã€‚ãŠâ€¦",2022-02-28 11:04:16+00:00
37,sekicnan,2022-02-28ã®ãƒ„ã‚¤å»ƒçµæœã€€å¹³å‡ãƒ„ã‚¤ãƒ¼ãƒˆé–“éš”:1æ™‚é–“ 30åˆ† ãƒ©ãƒ³ã‚¯å¤–ãƒ»æœ€å¤§ãƒ„ã‚¤ãƒ¼ãƒˆé–“éš”:10æ™‚é–“ 24åˆ† ãƒ©ãƒ³ã‚¯å¤–ãƒ»æœ€å°ãƒ„ã‚¤ãƒ¼ãƒˆé–“éš”:00åˆ† 00ç§’ ãƒ©ãƒ³ã‚¯å¤–ã€€ãƒ„ã‚¤å»ƒã‚¸ãƒ£ãƒ¼v3.0ã€€https://t.co/DquyMKBb2W,2022-02-28 11:04:16+00:00
38,mortorsortor,"RT @MayWongCNA: #Myanmar people supporting #Ukraine that's under attack by #Russia. Myanmar citizens, experiencing own hardships/displacemeâ€¦",2022-02-28 11:04:16+00:00
39,_sunkees,Ramadhan bersama dream lagi ğŸ˜Š,2022-02-28 11:04:16+00:00
40,YerimZwxrhjsky,"RT @Financialafrik: Le gouvernement Ã©gyptien envisage de lever 230,25 milliards de livres Ã©gyptiennes (prÃ¨s de 15 milliards USD) de bons deâ€¦",2022-02-28 11:04:16+00:00
41,profpolitica,"RT @TheMoonCarl: Will #Bitcoin hit $100,000 in 2022?

No           Maybe         Yes
ğŸ‘‡            ğŸ‘‡                ğŸ‘‡",2022-02-28 11:04:16+00:00
42,Kotoful15z,"RT @bambi_amor4: è‚‰ä½“ãŒã‚ã‚‹ã‹ã‚‰ä½•ã‹ã¨ä¸èª¿ã¯ã‚ã‚‹
ã§ã‚‚çš†ã•ã‚“ã®è‚‰ä½“ã®ä¸­ã«å…¥ã£ã¦ã„ã‚‹ã®ã¯
çš†ã•ã‚“ã®æœ¬ä½“ã§ã‚ã‚‹é­‚ã®ã»ã‚“ã®ä¸€éƒ¨ã®å…‰ã§ã™
ã§ã™ã‹ã‚‰ã­
ã©ã†ã—ãŸã‚‰ä»Šã®ä½“ã®çŠ¶æ…‹ã‚’æ²»ã—ãŸã‚Š
ç™’ã‚„ã—ãŸã‚Šãªã‚“ã‹ã§ãã‚‹ã®ã‹ã£ã¦
ã„ã†ã“ã¨ãã‚‰ã„ã®çŸ¥è­˜ã¯
å®Ÿã¯èª°ã§ã‚‚ã‚ã‚‹ã‚“ã§ã™ãª
httâ€¦",2022-02-28 11:04:16+00:00
43,Ibnalwalidshuli,"@AlBayanNews Don't Trust Sudan i Tell You
And Don't Allow Them In World International Defense Show March 2022",2022-02-28 11:04:16+00:00
44,viruel_juan,RT @guidoprincesa: No se cansan de insultar a las mujeres que se niegan a someterse.,2022-02-28 11:04:16+00:00
45,www_teddyzbear,"RT @oumeim_jimin173: à¹à¸ˆà¸à¸„à¸­à¸™à¸­à¸­à¸™à¹„à¸¥à¸™à¹Œ à¸§à¸±à¸™à¸—à¸µà¹ˆ 10à¹ƒà¸«à¹‰à¸Ÿà¸¥à¸§. 1à¸„à¸™à¸„à¹ˆà¸° (à¸£à¸­à¸šà¸ªà¸”)
- à¹€à¸›à¹‡à¸™à¹à¸šà¸š single view                                 
- à¸›à¸£à¸°à¸à¸²à¸¨à¸œà¸¥à¸§à¸±à¸™à¸—à¸µà¹ˆ8â€¦",2022-02-28 11:04:16+00:00
46,yuki_usagi_0956,"Gina 2022 Spring ç‰¹åˆ¥ç‰ˆ
ä»˜éŒ²ãªã—

ã€€â˜ª3/7ç™ºå£²

â–¼Amazon
https://t.co/mQgsyQZ8mg

â—‰è¡¨ç´™
#æ·±æ¾¤è¾°å“‰(Snow Man)

#SnowMan
#ãµã£ã‹ã•ã‚“
#Gina",2022-02-28 11:04:16+00:00
47,Rhyzhm,https://t.co/PONAp1L7W4,2022-02-28 11:04:16+00:00
48,anandapatel10,"RT @BMBCoin: ğŸ’¥BMB  Pre-Sale 3 with a discount Bonus Live

âŒ›ï¸ the end PRE SELL BMB
ğŸ’¢only 13 DAYS is left

ğŸ§­End Pre sell 
10 March 2022

âœ… Poâ€¦",2022-02-28 11:04:16+00:00
49,wonhdaerland,"RT @fantagiomusic_: [#ë¬¸ë¹ˆ_ì‚°í•˜]
MOONBIN&amp;SANHA(ASTRO)
2nd Mini Album &lt;REFUGE&gt;
Concept Photo ğŸ”® THE EAST ver.

2022. 03. 15 RELEASE
#MOONBIN_SANHâ€¦",2022-02-28 11:04:16+00:00
50,minsugarsunshne,"RT @JYPEITZY_JP: ITZY JAPAN 1st SINGLEã€Voltageã€
2022.04.06 Release

#YUNA

#ITZY #Voltage #Spice https://t.co/K35gag2TKi",2022-02-28 11:04:16+00:00
51,Nikhles04590804,"Education News Network - The Daily News Live (28th February 2022)
https://t.co/iQ5r7vndDG
RBSE to conduct Class 12 Board exams from March 24, 2022...
#RBSE #greenwoodhighinternationalschools #Jharkhandschools #Delhischools #educationtoday https://t.co/VcJlF8qPYk",2022-02-28 11:04:16+00:00
52,tMajbVNMYkebDzk,"RT @shoujokaisen: å¼µé£›UR+è¨˜å¿µRTã‚­ãƒ£ãƒ³ãƒšãƒ¼ãƒ³

å‹‡çŒ›ç„¡åŒã®æ€ªåŠ›ä¹‹ç¥ã€1äººã§ä¸‡äººã®æ•µã‚’è–™ãæ‰•ã†ã€å¼µé£›ã€‘ç™»å ´ï¼
ã€é–‹å‚¬æœŸé–“ã€‘
2022å¹´03æœˆ01æ—¥(ç«)11:10ï½2022å¹´03æœˆ08æ—¥(ç«)09:59

ã€RTè¨˜å¿µã‚­ãƒ£ãƒ³ãƒšãƒ¼ãƒ³æœŸé–“ã€‘
2022å¹´02æœˆ28æ—¥â€¦",2022-02-28 11:04:16+00:00
53,deeerstetae,RT @brikthv: I vote for #Butter for #BestMusicVideo at the 2022 #iHeartAwards @BTS_twt,2022-02-28 11:04:16+00:00
54,ChillosDoggo,"RT @BanounHelene: Par Marceau, qui ne peut plus s'exprimer sur l'oiseau bleu!

ğ˜€ğ˜‚ğ—¶ğ˜ƒğ—¶ ğ—±ğ—² ğ—¹'ğ—²ğ˜€ğ˜€ğ—®ğ—¶ ğ—°ğ—¹ğ—¶ğ—»ğ—¶ğ—¾ğ˜‚ğ—² ğ—±ğ—² ğ— ğ—¢ğ——ğ—˜ğ—¥ğ—¡ğ—” Ã  6 mois...

https://t.â€¦",2022-02-28 11:04:16+00:00
55,DuroBelinda,"RT @Julio_Rodr_: BdÃ­a,
""Adoptar medidas eficaces contra el punto mÃ¡s dÃ©bil de Putin exigirÃ­a enfrentarse a la propia corrupciÃ³n de Occidentâ€¦",2022-02-28 11:04:16+00:00
56,SKY1485_,"@kdyoungtr Open PO Comeback NCT DREAM Glitch Mode

Bisa Rolled poster dan No rolled poster ya
https://t.co/rAbdcVGO4c",2022-02-28 11:04:16+00:00
57,parkna__,"@bypalletsuga Park Jimin 

I vote #BTSARMY for #BestFanArmy at the 2022 #iHeartAwards",2022-02-28 11:04:16+00:00
58,carebrisfam5,"RT @Tea_Teya_: #OneWeekFriends movie new poster ğŸ’›

In theaters, April 2, 2022ï¿¼

New poster to commemorate CN's college entrance examinationâ€¦",2022-02-28 11:04:16+00:00
59,flickeringmyth,Escape from Pretoria is out on DVD in the UK today; read our review here... https://t.co/XTKKU49A7m https://t.co/GZ6ZeEGFeT,2022-02-28 11:04:16+00:00
60,FPuggini,"RT @SMaurizi: 1.Writing in the Italian daily @fattoquotidiano,the Italian columnist,#BarbaraSpinelli(daughter of Spinelli,one of the foundiâ€¦",2022-02-28 11:04:16+00:00
61,am0810ms,"RT @ENHYPENANNX: 2/28 24:00(3/1 0:00)-
â›„#ENHYPEN ã® #ã‚ªãƒ¼ãƒ«ãƒŠã‚¤ãƒˆãƒ‹ãƒƒãƒãƒ³Xâ›„
ä»Šæ—¥ã®ãƒ‘ãƒ¼ãƒˆãƒŠãƒ¼ã¯ #ONF #U ã•ã‚“ğŸ˜Š
âš¡ï¸#smash.ã§æ˜ åƒ&amp;é™å®šã‚¢ãƒ•ã‚¿ãƒ¼ãƒˆãƒ¼ã‚¯ã‚‚é…ä¿¡ğŸ‘€
https://t.co/UpzhDTUAesâ€¦",2022-02-28 11:04:16+00:00
62,eminem500,ğŸ™‹,2022-02-28 11:04:16+00:00
63,LEBZ_,3 pounts in the bag â¤,2022-02-28 11:04:16+00:00
64,chocobyyyy,"RT @NCTsmtown_DREAM: NCT DREAM The 2nd Album
ã€–Glitch Modeã€—
â« 2022.03.28 (KST)

#NCTDREAM #GlitchMode
#NCTDREAM_GlitchMode https://t.co/RTDSâ€¦",2022-02-28 11:04:17+00:00
65,testakitchensa1,"RT @eyebrowsborn: ã‹ã®ã‚“ã¡ã‚ƒã‚“ã€èª•ç”Ÿæ—¥ãŠã‚ã§ã¨ã†ï¼
æ–°è¦çµµç”¨æ„å‡ºæ¥ãªã‹ã£ãŸã®ã§ã€3/6æ–°åˆŠã‹ã‚‰å¤éŸ³ã¡ã‚ƒã‚“ã®ã‚«ãƒƒãƒˆæŠœç²‹ã—ã¾ã—ãŸã€‚ #å°ä¹‹æ£®å¤éŸ³ç”Ÿèª•ç¥­2022 https://t.co/GBAvKTaZTa",2022-02-28 11:04:17+00:00
66,mujtaba2x,"RT @AirdropAchiever: New Airdrop: MetaLuna
Value: $90,000 MLUNA
Rewards: 10,000 MLUNA ($100)
Referral: 5,000 MLUNA ($50)
End Date: 10th Marâ€¦",2022-02-28 11:04:17+00:00
67,sj_kdn,"RT @ohrenjibuzz: [theqoo KDrama] Rookie Cops Ep 9&amp;10
https://t.co/LHA6Ur3MxI
#ê°•ë‹¤ë‹ˆì—˜ #KangDaniel #ì±„ìˆ˜ë¹ˆ #ChaeSoobin #ë„ˆì™€ë‚˜ì˜ê²½ì°°ìˆ˜ì—… #RookieCops httpsâ€¦",2022-02-28 11:04:17+00:00
68,meguko_goods,"RT @DtimesJP: ã€ã†ã•ãŸã¾å¤§è„±èµ°ã€æ–°ã‚³ã‚¹ãƒãƒ¥ãƒ¼ãƒ ã®ãƒŸãƒƒã‚­ãƒ¼ï¼†ãƒŸãƒ‹ãƒ¼ï¼
æ±äº¬ãƒ‡ã‚£ã‚ºãƒ‹ãƒ¼ãƒ©ãƒ³ãƒ‰â€œãƒ‡ã‚£ã‚ºãƒ‹ãƒ¼ãƒ»ã‚¤ãƒ¼ã‚¹ã‚¿ãƒ¼2022â€ã‚¹ã¬ã„ãã‚‹ã¿ãƒãƒƒã‚¸
5æœˆ10æ—¥ç™ºå£²
ã†ã•ãŸã¾ã¯å–ã‚Šå¤–ã—ã§ãã¾ã™â˜†
è©³ç´°â†’https://t.co/nifDVmXHez",2022-02-28 11:04:17+00:00
69,AmaRichi2,"RT @CerfiaFR: ğŸ‡·ğŸ‡ºğŸ‡ºğŸ‡¦ğŸ‡ªğŸ‡º FLASH | La #Russie affirme que les livraisons dâ€™armes de lâ€™#UE Ã  lâ€™#Ukraine sont dangereuses.

(Reuters) #UkraineRussia",2022-02-28 11:04:17+00:00
70,WinterBearStory,"RT @ARMY_VNFanbase: (B)
We vote #BTSARMY for #BestFanArmy at the 2022 #iHeartAwards (@BTS_twt) ğŸ†",2022-02-28 11:04:17+00:00
71,yuuui129426,"RT @KATTUN_0322: 2022.03.29 Releaseâœ¨
New Albumã€ŒHoneyã€ã‚ˆã‚Š

KAT-TUNã€ŒAin't Seen Nothig Yetã€
Music Videoã‚’å…¬é–‹ã—ã¾ã—ãŸï¼

#KATTUN
#Honey
#AintSeenNothinâ€¦",2022-02-28 11:04:17+00:00
72,sHEsAMeHeR1,"RT @metarobox: ğŸ”¥OFFICIAL PRESALE OPENINGğŸ”¥

ğŸ¯BUY NOW: https://t.co/VTgZnZX51c

ğŸ“ Contract: 0xE833dC9b5A21daBC3ed8559858Caa92279aC54Dc 
ğŸ“…Starâ€¦",2022-02-28 11:04:17+00:00
73,Purpleya_twt,RT @bypalletsuga: I vote #BTSARMY for #BestFanArmy at the 2022 #iHeartAwards,2022-02-28 11:04:17+00:00
74,aisuke111,"RT @little_wooo: #eBASEBALL #ãƒ—ãƒ­é‡çƒã‚¹ãƒ”ãƒªãƒƒãƒ„ 2021 ã‚°ãƒ©ãƒ³ãƒ‰ã‚¹ãƒ©ãƒ 

2021ã€2022ã‚·ãƒ¼ã‚ºãƒ³ç‰ˆå¯¾å¿œ
2022/03/23 #ãƒ‘ãƒ¯ãƒ—ãƒ­ #ãƒ—ãƒ­ã‚¹ãƒ” ã« #ã‚¤ãƒãƒ­ãƒ¼ ç™»å ´
#ã‚¤ãƒãƒ­ãƒ¼ãŒæŠ‘ãˆã‚‰ã‚Œãªã„

#KONAMI #ã‚³ãƒŠãƒŸ
#é‡çƒã€€#é‡çƒã‚²â€¦",2022-02-28 11:04:17+00:00
75,rafael12h,"RT @CarmenYudithh: YOâ¤ï¸CUMANÃ

Â¡Realmente hermoso evento!

Desfile de nuestras pequeÃ±as participantes a Mini Reina del Carnaval CumanÃ¡ 2022â€¦",2022-02-28 11:04:17+00:00
76,ArunKum51742655,"RT @shivpalsinghyad: à¤¦à¤¿à¤¨à¤¾à¤‚à¤• 2 à¤®à¤¾à¤°à¥à¤š 2022, à¤¦à¤¿à¤¨ à¤¬à¥à¤§à¤µà¤¾à¤° à¤•à¥‹ à¤ªà¥‚à¤°à¥à¤µà¤¾à¤¹à¥à¤¨ 11:30 à¤¬à¤œà¥‡ à¤°à¤¾à¤œà¤•à¥à¤®à¤¾à¤° à¤®à¤¹à¤¿à¤²à¤¾ à¤®à¤¹à¤¾à¤µà¤¿à¤¦à¥à¤¯à¤¾à¤²à¤¯, à¤°à¥€à¤ à¥€, à¤œà¥Œà¤¨à¤ªà¥à¤° à¤®à¥‡à¤‚ à¤µà¤¿à¤§à¤¾à¤¨ à¤¸à¤­à¤¾ à¤•à¥à¤·à¥‡à¤¤à¥à¤°â€¦",2022-02-28 11:04:17+00:00
77,H1963Jp,"RT @H1963Jp: @ayano_hara #ã¯ã‚‰ã‚ã‚„ã® ã•ã‚“â™¨ï¸
2022.2.12(åœŸ)
OP11:45 ST 12:00
#ä¸‹åŒ—æ²¢Laguna
2ãƒãƒ³ãƒ©ã‚¤ãƒ–
ãƒ©ã‚¤ãƒ–è¦³è¦§
ã‚ã£ã¡ã‚ƒæ¥½ã—ã¿ã§ã™ğŸ˜ŠğŸ˜„ https://t.co/TEBZBfLejU",2022-02-28 11:04:17+00:00
78,Hipu_Happy_End2,2022-02-28ã®ãƒ„ã‚¤å»ƒçµæœã€€å¹³å‡ãƒ„ã‚¤ãƒ¼ãƒˆé–“éš”:37åˆ† 50ç§’ ãƒ©ãƒ³ã‚¯å¤–ãƒ»æœ€å¤§ãƒ„ã‚¤ãƒ¼ãƒˆé–“éš”:4æ™‚é–“ 43åˆ† ãƒ©ãƒ³ã‚¯å¤–ãƒ»æœ€å°ãƒ„ã‚¤ãƒ¼ãƒˆé–“éš”:00åˆ† 07ç§’ ãƒ©ãƒ³ã‚¯å¤–ã€€ãƒ„ã‚¤å»ƒã‚¸ãƒ£ãƒ¼v3.0ã€€https://t.co/dn8ZqvZTZK,2022-02-28 11:04:17+00:00
79,junmyeondiabao,"RT @fantagiomusic_: [#ë¬¸ë¹ˆ_ì‚°í•˜]
MOONBIN&amp;SANHA(ASTRO)
2nd Mini Album &lt;REFUGE&gt;
Concept Photo ğŸ”® THE EAST ver.

2022. 03. 15 RELEASE
#MOONBIN_SANHâ€¦",2022-02-28 11:04:17+00:00
80,TarasSEVCENKO2,"RT @epravda: Ğ£ĞºÑ€Ğ¾Ğ±Ğ¾Ñ€Ğ¾Ğ½Ğ¿Ñ€Ğ¾Ğ¼ Ğ´Ğ¾Ğ¼Ğ¾Ğ²Ğ¸Ğ²ÑÑ Ğ· Ğ“ĞµĞ½ÑˆÑ‚Ğ°Ğ±Ğ¾Ğ¼ Ğ—Ğ¡Ğ£ Ğ¿Ñ€Ğ¾ Ñ€ĞµĞ¼Ğ¾Ğ½Ñ‚ Ñ‚Ñ€Ğ¾Ñ„ĞµĞ¹Ğ½Ğ¾Ñ— Ñ‚ĞµÑ…Ğ½Ñ–ĞºĞ¸
https://t.co/LpJ3ZOFWx4 https://t.co/HNTeZtzwIg",2022-02-28 11:04:17+00:00
81,jemohgh,Ukraine Faces 'Urgent 24 Hours' As Attack Seethes In Front Of Harmony Converses With Russia After Belarus Cautions Of World War 3. https://t.co/uAUaBPm2Sd via @templatesyard,2022-02-28 11:04:17+00:00
82,suzukimokuazika,"RT @aptx0915: ã€é’å±±å…ˆç”Ÿã¨ã³æ£®ã‚³ãƒ¡ãƒ³ãƒˆè¨˜éŒ²ã€‘
#ãƒã‚µã‚«ã‚ºãŸæ‘ 2022å¹´2æœˆ28æ—¥(æœˆ)æ›´æ–°åˆ† https://t.co/pPqR4njjNl",2022-02-28 11:04:17+00:00
83,pQbmhDczVnKjwnE,ã‚¼ãƒ¬ãƒ³ã‚¹ã‚­ãƒ¼ã®ã“ã®3å¹´ã®æ”¿æ²»ã«ã¤ã„ã¦ã®ãƒ¬ãƒãƒ¼ãƒˆã€‚ãªã‚‹ã»ã©ã‚³ãƒ­ãƒŠå¯¾ç­–ã«ã¤ã„ã¦ã¯ä¸Šæ‰‹ãã„ã‹ãªã‹ã£ãŸã®ã‹ã€‚,2022-02-28 11:04:17+00:00
84,simpforjakey02,"RT @ENHYPENANNX: 2/28 24:00(3/1 0:00)-
â›„#ENHYPEN ã® #ã‚ªãƒ¼ãƒ«ãƒŠã‚¤ãƒˆãƒ‹ãƒƒãƒãƒ³Xâ›„
ä»Šæ—¥ã®ãƒ‘ãƒ¼ãƒˆãƒŠãƒ¼ã¯ #ONF #U ã•ã‚“ğŸ˜Š
âš¡ï¸#smash.ã§æ˜ åƒ&amp;é™å®šã‚¢ãƒ•ã‚¿ãƒ¼ãƒˆãƒ¼ã‚¯ã‚‚é…ä¿¡ğŸ‘€
https://t.co/UpzhDTUAesâ€¦",2022-02-28 11:04:17+00:00
85,MyTweets90,"RT @AnnayyaAbimani: ""à°ªà±‹à°²à°µà°°à°‚ à°—à°£ à°ªà±à°°à°¾à°°à°‚à°­à°‚"" â¤ï¸ğŸ‡¸ğŸ‡±
à°°à±‡à°ªà± à°…à°¨à°—à°¾... 29/02/2022 à°¤à±‡à°¦à±€à°¨.

COVID à°¨à°¿à°¬à°‚à°§à°¨à°²à± à°¦à±ƒà°·à±à°Ÿà°¿à°²à±‹ à°ªà±†à°Ÿà±à°Ÿà±à°•à±Šà°¨à°¿ à°…à°¤à°¿ à°¤à°•à±à°•à±à°µ à°®à°‚à°¦à°¿ à°¹à°¾à°œà°°à± à°•à°¾à°µà°¾â€¦",2022-02-28 11:04:17+00:00
86,Lala2823,"RT @UnitedDaoUTD: We will be holding GIVEAWAYS from 1 MAR 2022 to commemorate our  Protocol Launch! 

WIN NFTs from  @AzukiZen , @KarafuruNâ€¦",2022-02-28 11:04:17+00:00
87,brouwgrlzs,"RT @lovemejhyunn: Giveaway â€¼ï¸
PC nct yuta mark sungchan hendery

Untuk 2 orang ya! 
RT like, komen dom &amp; mau PC yg mana

End : 1 maret 2022â€¦",2022-02-28 11:04:17+00:00
88,HaouziNathan,"RT @RMCsport: ğŸ”µğŸ”´ On a retrouvÃ© l'ADN du BarÃ§a, l'identitÃ© qui a fait de Barcelone une rÃ©fÃ©rence en football. Ã€ sa baguette Xavi, qui est enâ€¦",2022-02-28 11:04:17+00:00
89,mister_oceans,"RT @geloraco: Kru Film Minta Kecilkan Suara Toa Masjid karena Ganggu Syuting, Warga Tak Terima
https://t.co/Y4cC4WYAGI",2022-02-28 11:04:17+00:00
90,kuugashin,"RT @imas_official: ã€ã‚·ãƒ£ãƒ‹ãƒã‚¹ã€‘ã€Œãƒ›ãƒ¯ã‚¤ãƒˆãƒ‡ãƒ¼ã‚­ãƒ£ãƒ³ãƒšãƒ¼ãƒ³2022 ç¬¬1å¼¾ã€ã‚’é–‹å‚¬ï¼ æœŸé–“é™å®šã‚¢ã‚¤ãƒ‰ãƒ«ã‚’å«ã‚€ã€Œã‚¹ãƒ†ãƒƒãƒ—ã‚¢ãƒƒãƒ—ã‚¬ã‚·ãƒ£ã€ã®é–‹å‚¬ã‚‚ï¼ 
#ã‚·ãƒ£ãƒ‹ãƒã‚¹ #ã‚·ãƒ£ã‚¤ãƒ‹ãƒ¼ã‚«ãƒ©ãƒ¼ã‚º #idolmaster  
https://t.co/q9tefXBtFn",2022-02-28 11:04:17+00:00
91,Pornnaphat_bebe,"RT @NCTsmtown_DREAM: â€˜KíŒ ìµœê°•ìâ€™ ì¶œê²©! NCT DREAM, ì •ê·œ 2ì§‘ â€˜Glitch Modeâ€™ 3ì›” 28ì¼ ë°œë§¤!
2022ë…„ë„ ê±°ì¹¨ì—†ëŠ” ì¸ê¸° ì§ˆì£¼ ì˜ˆê³ ! ì˜¤ëŠ˜ë¶€í„° ì˜ˆì•½íŒë§¤ ì‹œì‘!

https://t.co/hBAIMwpEz7

#â€¦",2022-02-28 11:04:17+00:00
92,kusanagitubame,RT @sionsuzukaze: ã€å£°æ˜ã€‘ãƒ­ã‚·ã‚¢ã«ã‚ˆã‚‹ã‚¦ã‚¯ãƒ©ã‚¤ãƒŠä¾µç•¥ã‚’éé›£ã™ã‚‹æ±ºè­°ã«ã¤ã„ã¦ï¼ˆã‚Œã„ã‚æ–°é¸çµ„ 2022å¹´2æœˆ28æ—¥ï¼‰ https://t.co/JadwtdBjg1 ã‚Œã„ã‚ã¯æ˜æ—¥ã®å¯¾ãƒ­éé›£æ±ºè­°ã«åå¯¾ã™ã‚‹ã¨ã®ã“ã¨ã€‚ç†ç”±ã¯ã„ãã¤ã‹ä»˜ã•ã‚Œã¦ã„ã‚‹ãŒ3ã¤ç›®ã®ç†ç”±ã¯å®Œå…¨ã«ãƒ­ã‚·â€¦,2022-02-28 11:04:17+00:00
93,theyhateamr,"RT @mimi_khouryy: ğŸ‡ºğŸ‡¦ TÃ©moignage rassurant dâ€™un ressortissant franÃ§ais Ã  #Kiev , du coup Poutine vise uniquement les bases militaires appareâ€¦",2022-02-28 11:04:17+00:00
94,FehrHj,"@Ana_Partizanka #Ukraine #Biolabs:
https://t.co/uOqgxdpKEK
#Pandemie:
#WHO #COVID19 
https://t.co/Je3kHMgnM1",2022-02-28 11:04:17+00:00
95,MIN_KI_3,"RT @johnwakawaii: ã€#AnimeJapan 2022è¿½åŠ æƒ…å ±!!ã€‘
TVã‚¢ãƒ‹ãƒ¡ã€Œ#å¸è¡€é¬¼ã™ãæ­»ã¬ã€ã‚¹ãƒšã‚·ãƒ£ãƒ«ã‚¹ãƒ†ãƒ¼ã‚¸ã«è¿½åŠ ã‚­ãƒ£ã‚¹ãƒˆæ±ºå®š!!

 ğŸ†•#ç”°æ‘ç¦å¿ƒ #æ—¥å²¡ãªã¤ã¿ #ç¨²ç”°å¾¹ #åœŸå²éš¼ä¸€

ğŸ“…3/27 10:50ï½11:25
ğŸ“GREENã‚¹ãƒ†ãƒ¼ã‚¸
ğŸ‘¥#ç¦â€¦",2022-02-28 11:04:17+00:00
96,yuu_koririn,"RT @KURAND_INFO: ãƒ•ã‚©ãƒ­ãƒ¼ï¼†ãƒªãƒ„ã‚¤ãƒ¼ãƒˆ #ã‚­ãƒ£ãƒ³ãƒšãƒ¼ãƒ³ 
1âƒ£ @KURAND_INFO ã‚’ãƒ•ã‚©ãƒ­ãƒ¼
2âƒ£ ã“ã®æŠ•ç¨¿ã‚’RT (2/27ã¾ã§)

æ—¥æœ¬é…’ã€Œç†ç³»å…„å¼Ÿã€(é€šå¸¸ç‰ˆ) ã‚’æŠ½é¸ã§1åæ§˜ã«ãƒ—ãƒ¬ã‚¼ãƒ³ãƒˆğŸ

ã•ã‚‰ã«ä»Šãªã‚‰ã€æ¥µã€‘ã§ã€ã—ã¼ã‚ŠãŸã¦ã€‘ã®é™å®šç‰ˆãŒæŠ½é¸å¿œå‹Ÿå—ä»˜â€¦",2022-02-28 11:04:17+00:00
97,Fatihthedentist,"RT @TCKievBE: DeÄŸerli vatandaÅŸlarÄ±mÄ±z,

BugÃ¼n (28.02.2022) saat 19.00â€™da Kievâ€™den Romanya sÄ±nÄ±rÄ± yakÄ±nÄ±ndaki Ã‡ernivtsi ÅŸehrine sadece vatanâ€¦",2022-02-28 11:04:17+00:00
98,marcelavelez,"Los cambios generados por la invasiÃ³n Rusia en Ucrania. Hoy en #PrimerClick de @DFinanciero #podcast 
https://t.co/rdmTxy5Hsm",2022-02-28 11:04:17+00:00
99,RT96056354,"RT @kzusimmui: ãƒ†ã‚¯ãƒ”ã‚¯MVå…¬é–‹1å‘¨å¹´ã«å‘ã‘ã¦å¤‰ã‚ã‚‰ãšè´ã„ã¦ã„ããğŸ˜ğŸŒˆğŸ“¸

#NiziU / #Chopstick / #Need_U / Take a picture / Super Summer / Poppin' Shakin' Step and a Steâ€¦",2022-02-28 11:04:17+00:00
